{"cameraMode":{"drawMode":0,"name":"Shaded","section":"Shading Mode"},"sceneLighting":false,"audioPlay":false,"sceneViewState":{"showFog":true,"showMaterialUpdate":false,"showSkybox":true,"showFlares":true,"showImageEffects":true,"showParticleSystems":true},"in2DMode":false,"pivot":{"x":0.12597137689590455,"y":-0.7788139581680298,"z":-1.4279804229736329},"rotation":{"x":-0.042775992304086688,"y":-0.13745544850826264,"z":-0.005892227869480848,"w":0.9896183013916016},"size":3.8332319259643556,"orthographic":false}